epoch,train_loss,train_pair_accuracy,seconds,vertices_seen,val_loss,val_pair_accuracy
1,26.172496795654297,0.4294586181640625,3.2389239966869354,262144,8.862544655799866,0.493896484375
2,6.22540283203125,0.6134223937988281,2.8738448321819305,262144,,
3,5.034389019012451,0.7424163818359375,2.838700876571238,262144,,
4,4.765800952911377,0.77392578125,2.8622809099033475,262144,,
5,4.623754978179932,0.79119873046875,2.838346906006336,262144,,
6,4.4899468421936035,0.8020896911621094,2.875555402599275,262144,,
7,4.3954925537109375,0.8102836608886719,2.868766167201102,262144,,
8,4.347480297088623,0.8165054321289062,2.8981782235205173,262144,,
9,4.297385215759277,0.8211746215820312,2.8844986259937286,262144,,
10,4.24442195892334,0.8267822265625,2.8714208006858826,262144,,
11,4.158653259277344,0.8279228210449219,2.8445712365210056,262144,,
12,4.1811137199401855,0.8299903869628906,2.8450685320422053,262144,,
13,4.108708381652832,0.832672119140625,2.8310240572318435,262144,,
14,4.094991683959961,0.8358345031738281,2.8346393294632435,262144,,
15,4.060373783111572,0.8371696472167969,2.8981112875044346,262144,,
16,4.0690813064575195,0.8386306762695312,2.851690672338009,262144,,
17,4.072180271148682,0.8374710083007812,2.8199793696403503,262144,,
18,4.014657020568848,0.8424797058105469,2.840648926794529,262144,,
19,4.021400451660156,0.8421401977539062,2.875983198173344,262144,,
20,3.992199420928955,0.8423728942871094,2.865386609919369,262144,,
21,3.9898061752319336,0.844512939453125,2.8727997643873096,262144,,
22,3.9761762619018555,0.8461227416992188,2.871270409785211,262144,,
23,3.964817762374878,0.8450279235839844,2.8772715646773577,262144,,
24,3.989203929901123,0.8463706970214844,2.8701073694974184,262144,,
25,3.938572883605957,0.8472213745117188,2.8581425826996565,262144,,
26,3.937262535095215,0.8465232849121094,2.8513852739706635,262144,,
27,3.960198163986206,0.8476219177246094,2.875965696759522,262144,,
28,3.9079344272613525,0.849884033203125,2.896816896274686,262144,,
29,3.9153168201446533,0.8498039245605469,2.89962319470942,262144,,
30,3.8934381008148193,0.8497428894042969,2.8559848302975297,262144,,
31,3.8863413333892822,0.85137939453125,2.8474391121417284,262144,,
32,3.8879542350769043,0.8516120910644531,2.865163341164589,262144,4.046822488307953,0.84912109375
33,3.870116710662842,0.8507347106933594,2.8754363749176264,262144,,
34,3.871046304702759,0.8518600463867188,2.881631251424551,262144,,
35,3.8825478553771973,0.8525886535644531,2.8450800636783242,262144,,
36,3.853095769882202,0.8537864685058594,2.851091952994466,262144,,
37,3.838063955307007,0.85491943359375,2.852297562174499,262144,,
38,3.824521541595459,0.8538742065429688,2.841018680483103,262144,,
39,3.851400136947632,0.8530807495117188,2.8198238601908088,262144,,
40,3.8251237869262695,0.8560943603515625,2.831369124352932,262144,,
41,3.8284268379211426,0.8555831909179688,2.8759320229291916,262144,,
42,3.8360636234283447,0.8556709289550781,2.9028930831700563,262144,,
43,3.8134148120880127,0.8564796447753906,2.8869474409148097,262144,,
44,3.843634605407715,0.8554725646972656,2.9131670026108623,262144,,
45,3.8129067420959473,0.8568763732910156,2.879788104444742,262144,,
46,3.8101840019226074,0.8567161560058594,2.8935711104422808,262144,,
47,3.8087613582611084,0.8566970825195312,2.866363175213337,262144,,
48,3.8204185962677,0.8568801879882812,2.893305725418031,262144,,
49,3.8159427642822266,0.8568534851074219,2.893330072052777,262144,,
50,3.793471097946167,0.8577346801757812,2.878792390227318,262144,,
51,3.787139892578125,0.8576087951660156,2.904330008663237,262144,,
52,3.796396255493164,0.8574180603027344,2.8668746957555413,262144,,
53,3.7720704078674316,0.8573493957519531,2.8355425084009767,262144,,
54,3.775381088256836,0.8592109680175781,2.8428489146754146,262144,,
55,3.8062527179718018,0.859619140625,2.852073945105076,262144,,
56,3.7607903480529785,0.8592453002929688,2.8474500896409154,262144,,
57,3.761645793914795,0.859405517578125,2.816137776710093,262144,,
58,3.7708685398101807,0.859466552734375,2.8506864989176393,262144,,
59,3.768089771270752,0.8601112365722656,2.8818408865481615,262144,,
60,3.718099355697632,0.8609199523925781,2.907330428250134,262144,,
61,3.758256196975708,0.8612251281738281,2.892794649116695,262144,,
62,3.7587621212005615,0.8617897033691406,2.8857468450441957,262144,,
63,3.7509067058563232,0.8609504699707031,2.90172750223428,262144,,
64,3.7641172409057617,0.861846923828125,2.888946095481515,262144,3.9190357327461243,0.85986328125
65,3.734450340270996,0.8609275817871094,2.9103572303429246,262144,,
66,3.736177921295166,0.8626670837402344,3.1035362500697374,262144,,
67,3.7576746940612793,0.8609504699707031,2.8939781468361616,262144,,
68,3.752476215362549,0.860992431640625,2.8914948096498847,262144,,
69,3.7308602333068848,0.8614997863769531,2.8870669845491648,262144,,
70,3.73773193359375,0.8618049621582031,2.8672042451798916,262144,,
71,3.7155935764312744,0.8646812438964844,2.8707636911422014,262144,,
72,3.7372395992279053,0.8625144958496094,2.884912818670273,262144,,
73,3.7287585735321045,0.8639144897460938,2.8936162814497948,262144,,
74,3.7000620365142822,0.8634796142578125,2.8846614696085453,262144,,
75,3.707671880722046,0.8636703491210938,2.8642946342006326,262144,,
76,3.7426598072052,0.8623008728027344,2.863607003353536,262144,,
77,3.721874952316284,0.8637771606445312,2.8666018107905984,262144,,
78,3.6999080181121826,0.8643112182617188,2.874644683673978,262144,,
79,3.7239716053009033,0.8647270202636719,2.8609975837171078,262144,,
80,3.7284159660339355,0.8634223937988281,2.867632714100182,262144,,
81,3.7190608978271484,0.8627548217773438,2.864056662656367,262144,,
82,3.7016239166259766,0.8648643493652344,2.8713490525260568,262144,,
83,3.6917903423309326,0.8639869689941406,2.8719713697209954,262144,,
84,3.7094907760620117,0.8640365600585938,2.8684268910437822,262144,,
85,3.739985466003418,0.864776611328125,2.9012653613463044,262144,,
86,3.7022130489349365,0.8650932312011719,2.9220197116956115,262144,,
87,3.6919310092926025,0.8651008605957031,2.9202253660187125,262144,,
88,3.7028162479400635,0.8650970458984375,2.9034564029425383,262144,,
89,3.6981189250946045,0.8657875061035156,2.8710434474051,262144,,
90,3.7191343307495117,0.8646049499511719,2.880555017851293,262144,,
91,3.6875929832458496,0.8650588989257812,2.8826500652357936,262144,,
92,3.6990323066711426,0.8650550842285156,2.884181968867779,262144,,
93,3.7082839012145996,0.8651046752929688,2.8791302535682917,262144,,
94,3.6730549335479736,0.8652915954589844,2.8713579745963216,262144,,
95,3.662977695465088,0.8655281066894531,2.8673351369798183,262144,,
96,3.6707539558410645,0.8662948608398438,2.8673525489866734,262144,3.8368259966373444,0.8616943359375
97,3.678365468978882,0.8654556274414062,2.8781535578891635,262144,,
98,3.671535015106201,0.8650932312011719,2.888163248077035,262144,,
99,3.6899521350860596,0.8669776916503906,2.8849018728360534,262144,,
100,3.6577212810516357,0.8664932250976562,2.8589295437559485,262144,,
101,3.7008450031280518,0.8661537170410156,2.8191922614350915,262144,,
102,3.698157787322998,0.8662796020507812,2.8451961409300566,262144,,
103,3.6355032920837402,0.8673324584960938,2.8702053176239133,262144,,
104,3.6578211784362793,0.8661689758300781,2.845759858377278,262144,,
105,3.6629726886749268,0.8674201965332031,2.833034881390631,262144,,
106,3.643674373626709,0.8665733337402344,2.8633024031296372,262144,,
107,3.6591532230377197,0.8670806884765625,2.830477686598897,262144,,
108,3.659196138381958,0.8687400817871094,2.876469789072871,262144,,
109,3.686796188354492,0.8680076599121094,2.8712693955749273,262144,,
110,3.6355020999908447,0.8671379089355469,2.857885546050966,262144,,
111,3.6552014350891113,0.8662910461425781,2.8480668561533093,262144,,
112,3.6372172832489014,0.8675956726074219,2.8446301324293017,262144,,
113,3.667163610458374,0.8685646057128906,2.841204804368317,262144,,
114,3.649670362472534,0.86767578125,2.892057911492884,262144,,
115,3.677804470062256,0.8680610656738281,2.8747376361861825,262144,,
116,3.667752981185913,0.86724853515625,2.889732139185071,262144,,
117,3.6373307704925537,0.8687515258789062,2.896856158040464,262144,,
118,3.6469995975494385,0.8673248291015625,2.8854971742257476,262144,,
119,3.645030975341797,0.8678817749023438,2.8964455910027027,262144,,
120,3.6608083248138428,0.8679161071777344,2.837217808701098,262144,,
121,3.6523313522338867,0.8680648803710938,2.8414088478311896,262144,,
122,3.6544580459594727,0.8673515319824219,2.830413907766342,262144,,
123,3.6602542400360107,0.8677711486816406,2.845397310331464,262144,,
124,3.654106855392456,0.8690376281738281,2.8129046009853482,262144,,
125,3.649751663208008,0.8689651489257812,2.826475557871163,262144,,
126,3.6308724880218506,0.8682670593261719,2.9941961485892534,262144,,
127,3.621303081512451,0.8703422546386719,2.8264839509502053,262144,,
128,3.6395323276519775,0.8700828552246094,2.8033349541947246,262144,3.78768128156662,0.8692626953125
129,3.6483590602874756,0.869384765625,2.8308203015476465,262144,,
130,3.633861780166626,0.8689346313476562,2.8021926023066044,262144,,
131,3.6452853679656982,0.8689422607421875,2.8116245418787003,262144,,
132,3.6237504482269287,0.8697013854980469,2.8318145889788866,262144,,
133,3.641608953475952,0.8703651428222656,2.8686244701966643,262144,,
134,3.6471779346466064,0.8684349060058594,2.8235311089083552,262144,,
135,3.614206314086914,0.8691978454589844,2.8714078096672893,262144,,
136,3.6319656372070312,0.8707046508789062,2.76964620500803,262144,,
137,3.608254909515381,0.8691482543945312,2.76029615662992,262144,,
138,3.620630979537964,0.8694419860839844,2.8009694945067167,262144,,
139,3.6118690967559814,0.8680686950683594,2.825824777595699,262144,,
140,3.62528395652771,0.87042236328125,2.8590434715151787,262144,,
141,3.6220762729644775,0.871490478515625,2.858348929323256,262144,,
142,3.6174066066741943,0.8692283630371094,2.871993406675756,262144,,
143,3.6156256198883057,0.8684921264648438,2.857605170458555,262144,,
144,3.6400294303894043,0.8696327209472656,2.8318624580278993,262144,,
145,3.61590313911438,0.8698883056640625,2.8373669255524874,262144,,
146,3.612492561340332,0.8703956604003906,2.831490180455148,262144,,
147,3.6248221397399902,0.869903564453125,2.8280254919081926,262144,,
148,3.637507677078247,0.8695030212402344,2.8275758177042007,262144,,
149,3.6056926250457764,0.8706588745117188,2.8148245671764016,262144,,
150,3.6362624168395996,0.8707199096679688,2.826670699752867,262144,,
151,3.5885438919067383,0.8709182739257812,2.8138514989987016,262144,,
152,3.620087146759033,0.8709983825683594,2.8459849283099174,262144,,
153,3.6034226417541504,0.8723411560058594,2.8544101417064667,262144,,
154,3.5625429153442383,0.8708038330078125,2.8019027430564165,262144,,
155,3.6135897636413574,0.8716659545898438,2.8888141894713044,262144,,
156,3.592578649520874,0.8710708618164062,2.877783564850688,262144,,
157,3.615680694580078,0.8704681396484375,2.8496509017422795,262144,,
158,3.6049540042877197,0.8707656860351562,2.8527370877563953,262144,,
159,3.594775676727295,0.8707923889160156,2.912596883252263,262144,,
160,3.6130456924438477,0.8714370727539062,2.926887792535126,262144,3.761205345392227,0.868896484375
161,3.5974061489105225,0.8722152709960938,2.907899239100516,262144,,
162,3.5933990478515625,0.8705329895019531,2.9547031112015247,262144,,
163,3.6181447505950928,0.8707008361816406,2.9053090708330274,262144,,
164,3.606776714324951,0.872528076171875,2.852766940370202,262144,,
165,3.5887086391448975,0.8716354370117188,2.8427597898989916,262144,,
166,3.5958251953125,0.8712425231933594,2.855508198030293,262144,,
167,3.6218509674072266,0.8717918395996094,2.837396769784391,262144,,
168,3.608982801437378,0.8710861206054688,2.826719541102648,262144,,
169,3.593792200088501,0.8718109130859375,2.8170870803296566,262144,,
170,3.5853753089904785,0.871856689453125,2.8231178801506758,262144,,
171,3.58503794670105,0.8716278076171875,2.828509207814932,262144,,
172,3.584878444671631,0.87054443359375,2.8274583630263805,262144,,
173,3.60453462600708,0.87152099609375,2.8175177555531263,262144,,
174,3.6208362579345703,0.871612548828125,2.83253416325897,262144,,
175,3.5742576122283936,0.8730506896972656,2.838003933429718,262144,,
176,3.5823748111724854,0.8712577819824219,2.835052367299795,262144,,
177,3.594369411468506,0.8729286193847656,2.8385745901614428,262144,,
178,3.5904316902160645,0.8714218139648438,2.8346708053722978,262144,,
179,3.601206064224243,0.8711471557617188,2.8337351037189364,262144,,
180,3.5690524578094482,0.8737106323242188,2.815370874479413,262144,,
181,3.5903573036193848,0.8721122741699219,2.8241762164980173,262144,,
182,3.602329969406128,0.8730964660644531,2.8300041053444147,262144,,
183,3.60905122756958,0.8732109069824219,2.83645183686167,262144,,
184,3.5780365467071533,0.8716812133789062,2.825791754759848,262144,,
185,3.5699257850646973,0.8724822998046875,2.8280556043609977,262144,,
186,3.5603160858154297,0.8727531433105469,2.8098927102983,262144,,
187,3.563483715057373,0.8729743957519531,2.825367771089077,262144,,
188,3.598884344100952,0.8732185363769531,2.844844621606171,262144,,
189,3.6004204750061035,0.8721580505371094,2.8349934946745634,262144,,
190,3.5957250595092773,0.8715362548828125,2.811703464947641,262144,,
191,3.5583341121673584,0.8730049133300781,2.81416963879019,262144,,
192,3.5839626789093018,0.8736381530761719,2.815064306370914,262144,3.726649045944214,0.87176513671875
193,3.5750985145568848,0.874237060546875,2.811804580502212,262144,,
194,3.5641305446624756,0.8729591369628906,2.809462232515216,262144,,
195,3.5841338634490967,0.8726158142089844,2.823889353312552,262144,,
196,3.550264596939087,0.8730010986328125,2.82564240321517,262144,,
197,3.5663552284240723,0.8731765747070312,2.803364848718047,262144,,
198,3.589367389678955,0.8733253479003906,2.813566993921995,262144,,
199,3.59782075881958,0.8711509704589844,2.8668520133942366,262144,,
200,3.5833969116210938,0.8729476928710938,2.887017387896776,262144,,
201,3.566889524459839,0.8732452392578125,2.9041227381676435,262144,,
202,3.577617645263672,0.8733863830566406,2.894423891790211,262144,,
203,3.567121982574463,0.8745460510253906,2.916986407712102,262144,,
204,3.603396415710449,0.8725776672363281,2.9089520182460546,262144,,
205,3.581862211227417,0.8739547729492188,2.9093481497839093,262144,,
206,3.560694932937622,0.8748626708984375,2.9034853456541896,262144,,
207,3.5859529972076416,0.8730545043945312,2.8979178545996547,262144,,
208,3.5908586978912354,0.8727264404296875,2.8911147136241198,262144,,
209,3.547344207763672,0.8738479614257812,2.8873937046155334,262144,,
210,3.563246965408325,0.8728675842285156,2.874375675804913,262144,,
211,3.582252264022827,0.8747291564941406,2.8857055800035596,262144,,
212,3.55538010597229,0.8748970031738281,2.887406811118126,262144,,
213,3.5403671264648438,0.8741264343261719,2.8884513154625893,262144,,
214,3.55635142326355,0.8744392395019531,2.9018078865483403,262144,,
215,3.5503666400909424,0.8740959167480469,2.8946121791377664,262144,,
216,3.5871567726135254,0.87481689453125,2.890582195483148,262144,,
217,3.557932138442993,0.8740043640136719,2.8834340665489435,262144,,
218,3.535909652709961,0.8744277954101562,2.8997107315808535,262144,,
219,3.564795970916748,0.8752593994140625,2.8953613406047225,262144,,
220,3.5597455501556396,0.8751564025878906,2.888109496794641,262144,,
221,3.5459346771240234,0.8746070861816406,2.9009617855772376,262144,,
222,3.5423147678375244,0.8741531372070312,2.9032077435404062,262144,,
223,3.549567222595215,0.8757820129394531,2.9068295657634735,262144,,
224,3.5567080974578857,0.8754539489746094,2.917488102801144,262144,3.6962242126464844,0.873291015625
225,3.5598714351654053,0.8739356994628906,2.863886319100857,262144,,
226,3.5472793579101562,0.8739700317382812,2.811394757591188,262144,,
227,3.567997932434082,0.8735427856445312,2.8430132009088993,262144,,
228,3.550795793533325,0.875091552734375,2.8851806353777647,262144,,
229,3.575209617614746,0.8745346069335938,2.886523198336363,262144,,
230,3.5805933475494385,0.8744468688964844,2.868319016881287,262144,,
231,3.566699266433716,0.8746223449707031,2.852891517803073,262144,,
232,3.5428237915039062,0.875244140625,2.877623741514981,262144,,
233,3.533810615539551,0.8743400573730469,2.9299543211236596,262144,,
234,3.5442044734954834,0.8736000061035156,2.8548069912940264,262144,,
235,3.5703983306884766,0.8746223449707031,2.859758036211133,262144,,
236,3.543123245239258,0.8748283386230469,2.8486781548708677,262144,,
237,3.5540645122528076,0.8739700317382812,2.8759290585294366,262144,,
238,3.532153367996216,0.876312255859375,2.870413719676435,262144,,
239,3.5623230934143066,0.8758773803710938,2.8669392401352525,262144,,
240,3.5469532012939453,0.874481201171875,2.8591944286599755,262144,,
241,3.5472562313079834,0.8756980895996094,2.8894025525078177,262144,,
242,3.550319194793701,0.8746566772460938,2.8601333219558,262144,,
243,3.530186653137207,0.875152587890625,2.879396030679345,262144,,
244,3.542060375213623,0.8751945495605469,2.8628611182793975,262144,,
245,3.5366110801696777,0.8755035400390625,2.9760594936087728,262144,,
246,3.5666701793670654,0.8753204345703125,2.9055282529443502,262144,,
247,3.5477445125579834,0.8760299682617188,2.8818956911563873,262144,,
248,3.5537447929382324,0.8742713928222656,2.9213170912116766,262144,,
249,3.5488052368164062,0.8755836486816406,2.9206258561462164,262144,,
250,3.5606331825256348,0.8757553100585938,2.92715045530349,262144,,
251,3.577077865600586,0.8761177062988281,2.91838326305151,262144,,
252,3.535132884979248,0.8756141662597656,2.9115100102499127,262144,,
253,3.5594687461853027,0.8762931823730469,2.9034105725586414,262144,,
254,3.5188379287719727,0.87518310546875,2.8631673473864794,262144,,
255,3.5519683361053467,0.8744049072265625,2.845576242543757,262144,,
256,3.525904893875122,0.8757514953613281,2.8441434893757105,262144,3.6873855888843536,0.87457275390625
257,3.5381152629852295,0.8753204345703125,2.8321565156802535,262144,,
258,3.5600123405456543,0.8750991821289062,2.8236596435308456,262144,,
259,3.560765027999878,0.8749237060546875,2.8315615532919765,262144,,
260,3.5313611030578613,0.8746604919433594,2.8428472531959414,262144,,
261,3.545945405960083,0.8749198913574219,2.8488374752923846,262144,,
262,3.5205419063568115,0.8778800964355469,2.8475936762988567,262144,,
263,3.5299644470214844,0.8755073547363281,2.8603201555088162,262144,,
264,3.507357358932495,0.8768653869628906,2.8380245184525847,262144,,
265,3.531599521636963,0.8762626647949219,2.829637860879302,262144,,
266,3.5495495796203613,0.8751335144042969,2.8473089206963778,262144,,
267,3.547978162765503,0.875396728515625,2.8697135411202908,262144,,
268,3.5481510162353516,0.8764152526855469,2.8522681454196572,262144,,
269,3.5379679203033447,0.8777656555175781,2.834816448390484,262144,,
270,3.5295910835266113,0.8754196166992188,2.843384673818946,262144,,
271,3.513259172439575,0.8757247924804688,2.841204538010061,262144,,
272,3.5272138118743896,0.8765754699707031,2.8388344049453735,262144,,
273,3.5588722229003906,0.8754844665527344,2.812244951725006,262144,,
274,3.5181946754455566,0.8754119873046875,2.8306735968217254,262144,,
275,3.521286725997925,0.8761749267578125,2.8272200310602784,262144,,
276,3.537618637084961,0.876922607421875,2.836387456394732,262144,,
277,3.566588878631592,0.8767127990722656,2.843252096325159,262144,,
278,3.538954496383667,0.8756561279296875,2.8687215046957135,262144,,
279,3.523860454559326,0.8762054443359375,2.852664996869862,262144,,
280,3.53316330909729,0.8756370544433594,2.8438415797427297,262144,,
281,3.5079689025878906,0.87689208984375,2.840803694911301,262144,,
282,3.520834445953369,0.8763694763183594,2.851049654185772,262144,,
283,3.5126054286956787,0.8758468627929688,2.8451148634776473,262144,,
284,3.5145630836486816,0.87652587890625,2.841533513739705,262144,,
285,3.525071382522583,0.876220703125,2.8582631396129727,262144,,
286,3.5061545372009277,0.876190185546875,2.8626560857519507,262144,,
287,3.5076892375946045,0.8760414123535156,2.877330225892365,262144,,
288,3.520056962966919,0.876708984375,2.8598889531567693,262144,3.6776413917541504,0.8756103515625
289,3.544066905975342,0.8762626647949219,2.893897796049714,262144,,
290,3.516771078109741,0.8768501281738281,2.8702763225883245,262144,,
291,3.513805866241455,0.8773765563964844,2.845232150517404,262144,,
292,3.5233447551727295,0.875946044921875,2.8561715679243207,262144,,
293,3.5240554809570312,0.8768692016601562,3.001018644310534,262144,,
294,3.536684989929199,0.8764801025390625,2.848558268509805,262144,,
295,3.509683132171631,0.87738037109375,2.8828654903918505,262144,,
296,3.5179216861724854,0.8772850036621094,2.8816071385517716,262144,,
297,3.5461723804473877,0.8765411376953125,2.8638521544635296,262144,,
298,3.508896827697754,0.8773231506347656,2.9166342113167048,262144,,
299,3.498991012573242,0.8775825500488281,2.9224045863375068,262144,,
300,3.4986648559570312,0.87701416015625,2.907551024109125,262144,,
301,3.5317013263702393,0.8758125305175781,2.8902883296832442,262144,,
302,3.499509334564209,0.8765182495117188,2.8574297754094005,262144,,
303,3.5206422805786133,0.8758201599121094,2.880722592584789,262144,,
304,3.525871992111206,0.8771209716796875,2.853906061500311,262144,,
305,3.4966630935668945,0.8773880004882812,2.8420454589650035,262144,,
306,3.521921396255493,0.8774337768554688,2.8293630303815007,262144,,
307,3.503636360168457,0.8781623840332031,2.820763625204563,262144,,
308,3.546816825866699,0.876983642578125,2.8281266763806343,262144,,
309,3.5365169048309326,0.8769035339355469,2.83672337513417,262144,,
310,3.486008882522583,0.8772201538085938,2.873626365326345,262144,,
311,3.519188404083252,0.8775672912597656,2.9429211327806115,262144,,
312,3.4937894344329834,0.8775711059570312,2.9009993951767683,262144,,
313,3.4991908073425293,0.8774986267089844,2.8841806957498193,262144,,
314,3.522721767425537,0.8769035339355469,2.899645750410855,262144,,
315,3.5190589427948,0.8770370483398438,2.8434916399419308,262144,,
316,3.5396764278411865,0.8773536682128906,2.8547249203547835,262144,,
317,3.5036399364471436,0.8780174255371094,2.9166840752586722,262144,,
318,3.505293607711792,0.8762474060058594,2.8966166460886598,262144,,
319,3.5273985862731934,0.8777580261230469,2.876485205255449,262144,,
320,3.510823965072632,0.8771781921386719,2.846450274810195,262144,3.658557802438736,0.8773193359375
321,3.487637519836426,0.8773918151855469,2.84599622618407,262144,,
322,3.5194027423858643,0.8770904541015625,2.8183617368340492,262144,,
323,3.5147218704223633,0.877838134765625,2.822344454936683,262144,,
324,3.5015015602111816,0.8780555725097656,2.8312018858268857,262144,,
325,3.4957830905914307,0.8776588439941406,2.861122821457684,262144,,
326,3.5069336891174316,0.8774185180664062,2.8228519055992365,262144,,
327,3.462803363800049,0.8786163330078125,2.8336444683372974,262144,,
328,3.530308246612549,0.8776817321777344,2.844000292941928,262144,,
329,3.521019220352173,0.8769378662109375,2.846078036352992,262144,,
330,3.5163729190826416,0.8775062561035156,2.847693657502532,262144,,
331,3.498335123062134,0.8773345947265625,2.8382113575935364,262144,,
332,3.493497848510742,0.8779563903808594,2.9209032794460654,262144,,
333,3.519630193710327,0.8775596618652344,2.899679117836058,262144,,
334,3.5296199321746826,0.8780593872070312,2.895686603151262,262144,,
335,3.5349831581115723,0.8778228759765625,2.8696345444768667,262144,,
336,3.508491277694702,0.8776321411132812,2.847167990170419,262144,,
337,3.532703161239624,0.8777313232421875,2.947380187921226,262144,,
338,3.5354390144348145,0.8778648376464844,2.8472024109214544,262144,,
339,3.4944610595703125,0.878082275390625,2.858044447377324,262144,,
340,3.4856626987457275,0.8775596618652344,2.866765790618956,262144,,
341,3.4957516193389893,0.8782310485839844,2.8474443508312106,262144,,
342,3.466123580932617,0.8772239685058594,2.872725861147046,262144,,
343,3.5017120838165283,0.8781242370605469,2.873274328187108,262144,,
344,3.526298761367798,0.8764533996582031,2.853546845726669,262144,,
345,3.492250442504883,0.878570556640625,2.8403895255178213,262144,,
346,3.5171468257904053,0.8778419494628906,2.840447397902608,262144,,
347,3.484997510910034,0.8775901794433594,2.8368561239913106,262144,,
348,3.513831853866577,0.8794326782226562,2.8466379418969154,262144,,
349,3.487206220626831,0.8773689270019531,2.822979182936251,262144,,
350,3.4822707176208496,0.8768119812011719,2.8443129509687424,262144,,
351,3.4961864948272705,0.8773574829101562,2.8428474171087146,262144,,
352,3.502218246459961,0.8784408569335938,2.825138572603464,262144,3.6517971754074097,0.87554931640625
353,3.4942049980163574,0.877685546875,2.85374912712723,262144,,
354,3.5102243423461914,0.878387451171875,2.838760446757078,262144,,
355,3.5067286491394043,0.8784523010253906,2.855186657048762,262144,,
356,3.4846580028533936,0.8794212341308594,2.8267323141917586,262144,,
357,3.5051050186157227,0.8797683715820312,2.839328001253307,262144,,
358,3.498661518096924,0.8787002563476562,2.824306309223175,262144,,
359,3.502254009246826,0.8784255981445312,2.8209941191598773,262144,,
360,3.4871747493743896,0.8790435791015625,2.82567270193249,262144,,
361,3.488571882247925,0.8788032531738281,2.8435081969946623,262144,,
362,3.471703052520752,0.8798179626464844,2.8366926154121757,262144,,
363,3.5033302307128906,0.8788681030273438,2.826753195375204,262144,,
364,3.5079362392425537,0.878326416015625,2.8207938140258193,262144,,
365,3.489230155944824,0.8787078857421875,2.8472593128681183,262144,,
366,3.472827911376953,0.8781013488769531,2.81941759865731,262144,,
367,3.50150203704834,0.8783950805664062,2.836936006322503,262144,,
368,3.4789962768554688,0.8804092407226562,2.8620244041085243,262144,,
369,3.4806153774261475,0.878814697265625,2.8842213237658143,262144,,
370,3.494882583618164,0.8793792724609375,2.885292193852365,262144,,
371,3.4891159534454346,0.8781356811523438,2.8938657147809863,262144,,
372,3.486903667449951,0.8786125183105469,3.004771124571562,262144,,
373,3.4693996906280518,0.8795738220214844,2.846061784774065,262144,,
374,3.502936601638794,0.8790473937988281,2.8379384940490127,262144,,
375,3.4795918464660645,0.8790969848632812,2.837450698018074,262144,,
376,3.4748544692993164,0.8792991638183594,2.846445046365261,262144,,
377,3.471464157104492,0.8801193237304688,2.8746306905522943,262144,,
378,3.491696834564209,0.8786659240722656,2.8811778649687767,262144,,
379,3.5174806118011475,0.878509521484375,2.894714616239071,262144,,
380,3.4843544960021973,0.8788719177246094,2.8468866171315312,262144,,
381,3.4865472316741943,0.8794937133789062,2.8759552044793963,262144,,
382,3.4770522117614746,0.8797454833984375,2.881764555349946,262144,,
383,3.482445001602173,0.8783645629882812,2.9012906942516565,262144,,
384,3.4775383472442627,0.8799972534179688,2.872517369687557,262144,3.6365392208099365,0.87908935546875
385,3.4927918910980225,0.8795852661132812,2.862124690786004,262144,,
386,3.5102667808532715,0.8787612915039062,2.8468142887577415,262144,,
387,3.4934966564178467,0.8795928955078125,2.845040937885642,262144,,
388,3.481454610824585,0.8795547485351562,2.865337292663753,262144,,
389,3.4971933364868164,0.8789176940917969,2.8897599186748266,262144,,
390,3.4852030277252197,0.8789634704589844,2.871339182369411,262144,,
391,3.4713878631591797,0.8787345886230469,2.8425714392215014,262144,,
392,3.5148251056671143,0.8799629211425781,2.8393081687390804,262144,,
393,3.4451699256896973,0.8788375854492188,2.854201350361109,262144,,
394,3.482654333114624,0.8795051574707031,2.900757106952369,262144,,
395,3.4690394401550293,0.8804588317871094,2.9006936233490705,262144,,
396,3.4984757900238037,0.8793220520019531,2.881369478069246,262144,,
397,3.4666945934295654,0.8800201416015625,2.8941324651241302,262144,,
398,3.502138137817383,0.8790092468261719,2.841206369921565,262144,,
399,3.465284824371338,0.8792495727539062,2.8287651147693396,262144,,
400,3.4471864700317383,0.88031005859375,2.8374733170494437,262144,,
401,3.4895801544189453,0.8796806335449219,2.8400140088051558,262144,,
402,3.475259304046631,0.8796272277832031,2.8726877896115184,262144,,
403,3.476274251937866,0.8798065185546875,2.8266205796971917,262144,,
404,3.503420114517212,0.8793869018554688,2.902302209287882,262144,,
405,3.4701313972473145,0.878997802734375,2.878099233843386,262144,,
406,3.4616925716400146,0.8788490295410156,2.8370242854580283,262144,,
407,3.4857587814331055,0.8795051574707031,2.9393039708957076,262144,,
408,3.4922595024108887,0.8786392211914062,2.8406941881403327,262144,,
409,3.4697515964508057,0.8794670104980469,2.8438345789909363,262144,,
410,3.489267587661743,0.8787002563476562,2.8476957688108087,262144,,
411,3.4620940685272217,0.880218505859375,2.8639013348147273,262144,,
412,3.4702980518341064,0.8789901733398438,2.8471901938319206,262144,,
413,3.4712002277374268,0.8796310424804688,2.8484075041487813,262144,,
414,3.50634503364563,0.8795547485351562,2.8451994629576802,262144,,
415,3.4613518714904785,0.8791351318359375,2.869166481308639,262144,,
416,3.467231273651123,0.8791961669921875,2.88991024158895,262144,3.6293816566467285,0.8802490234375
417,3.4552507400512695,0.8801651000976562,2.8524418184533715,262144,,
418,3.4846084117889404,0.8789749145507812,2.882778503932059,262144,,
419,3.4782910346984863,0.8809356689453125,2.868567575700581,262144,,
420,3.465986728668213,0.8798599243164062,2.976930219680071,262144,,
421,3.4890286922454834,0.8791236877441406,2.8487975718453526,262144,,
422,3.4694981575012207,0.8797721862792969,2.856676851399243,262144,,
423,3.4684979915618896,0.8784065246582031,2.8691923255100846,262144,,
424,3.47456955909729,0.8802413940429688,2.8507520174607635,262144,,
425,3.4629204273223877,0.8808975219726562,2.844036988914013,262144,,
426,3.4623336791992188,0.8791084289550781,2.8520312793552876,262144,,
427,3.467622995376587,0.8805961608886719,2.87524042930454,262144,,
428,3.459648847579956,0.879241943359375,2.8852752074599266,262144,,
429,3.476339340209961,0.8791427612304688,2.895828425884247,262144,,
430,3.4853665828704834,0.8795013427734375,2.869281438179314,262144,,
431,3.4751992225646973,0.880584716796875,2.9034098517149687,262144,,
432,3.4648497104644775,0.8800239562988281,2.891871590167284,262144,,
433,3.470438003540039,0.8801498413085938,2.8747766986489296,262144,,
434,3.4684720039367676,0.8795166015625,2.8160815592855215,262144,,
435,3.4457876682281494,0.8802223205566406,2.880417274311185,262144,,
436,3.4698290824890137,0.8795890808105469,2.866529301740229,262144,,
437,3.472365379333496,0.8801345825195312,2.8290236881002784,262144,,
438,3.516622543334961,0.8793601989746094,2.804381214082241,262144,,
439,3.463707447052002,0.8794822692871094,2.813800166361034,262144,,
440,3.490344524383545,0.879913330078125,2.8502290658652782,262144,,
441,3.4895377159118652,0.87994384765625,2.8769202325493097,262144,,
442,3.488659620285034,0.880615234375,2.8924600332975388,262144,,
443,3.4938457012176514,0.8779449462890625,2.8871239153668284,262144,,
444,3.4791460037231445,0.8803291320800781,2.9901621220633388,262144,,
445,3.482163667678833,0.8801841735839844,2.9297285778447986,262144,,
446,3.4680869579315186,0.8804244995117188,2.854566312395036,262144,,
447,3.496051549911499,0.8800392150878906,2.8599702455103397,262144,,
448,3.4726979732513428,0.8799514770507812,2.8826820058748126,262144,3.599461078643799,0.878173828125
449,3.479119300842285,0.8794593811035156,2.895173231139779,262144,,
450,3.456616163253784,0.8807754516601562,2.8605110766366124,262144,,
451,3.4513444900512695,0.880584716796875,2.847368628717959,262144,,
452,3.448523998260498,0.8809585571289062,2.849456229247153,262144,,
453,3.4679603576660156,0.8798370361328125,2.8697904786095023,262144,,
454,3.4701380729675293,0.8793411254882812,2.8631865018978715,262144,,
455,3.471672773361206,0.8808097839355469,2.857597230002284,262144,,
456,3.4863297939300537,0.8793144226074219,2.858545328490436,262144,,
457,3.4503867626190186,0.8804931640625,2.8762435065582395,262144,,
458,3.461606025695801,0.8807563781738281,2.8861673632636666,262144,,
459,3.4424705505371094,0.8815574645996094,2.8823265032842755,262144,,
460,3.4814507961273193,0.88055419921875,2.8616869812831283,262144,,
461,3.480588436126709,0.8798370361328125,2.8994214348495007,262144,,
462,3.447073221206665,0.8793144226074219,2.8954066978767514,262144,,
463,3.4668173789978027,0.87982177734375,2.8811412574723363,262144,,
464,3.4852802753448486,0.8805694580078125,2.870548289269209,262144,,
465,3.4738240242004395,0.8812484741210938,2.8770710388198495,262144,,
466,3.46748685836792,0.8797950744628906,2.8674589721485972,262144,,
467,3.4672577381134033,0.8794898986816406,2.8737400555983186,262144,,
468,3.461456537246704,0.880645751953125,2.878806951455772,262144,,
469,3.4794321060180664,0.8802719116210938,2.8762494437396526,262144,,
470,3.4647862911224365,0.8792724609375,2.8747975900769234,262144,,
471,3.464632511138916,0.8791236877441406,2.8702959679067135,262144,,
472,3.460191488265991,0.8800201416015625,2.888668593019247,262144,,
473,3.4829118251800537,0.8800239562988281,2.8726623114198446,262144,,
474,3.464787244796753,0.8800506591796875,2.8619072465226054,262144,,
475,3.4502933025360107,0.8822212219238281,2.8744075782597065,262144,,
476,3.466156482696533,0.8803672790527344,2.859351941384375,262144,,
477,3.493239164352417,0.8800621032714844,2.8429276067763567,262144,,
478,3.4537546634674072,0.8812179565429688,2.8555588023737073,262144,,
479,3.4630656242370605,0.8805618286132812,2.842961202375591,262144,,
480,3.4469032287597656,0.8802452087402344,2.8802495039999485,262144,3.625925064086914,0.88140869140625
481,3.482295274734497,0.881134033203125,2.877718227915466,262144,,
482,3.482818841934204,0.8801231384277344,2.8871438708156347,262144,,
483,3.4437317848205566,0.8804206848144531,2.892912079580128,262144,,
484,3.4791126251220703,0.8817176818847656,2.880588906817138,262144,,
485,3.4649975299835205,0.8807830810546875,2.883798741735518,262144,,
486,3.49753475189209,0.8811836242675781,2.8816984156146646,262144,,
487,3.4655749797821045,0.8818092346191406,2.879314343445003,262144,,
488,3.4473674297332764,0.880523681640625,2.8814048189669847,262144,,
489,3.424598217010498,0.8811836242675781,2.8821815568953753,262144,,
490,3.4443345069885254,0.880523681640625,2.904690536670387,262144,,
491,3.4651496410369873,0.8806800842285156,2.8994058556854725,262144,,
492,3.4604976177215576,0.8816719055175781,2.8640214884653687,262144,,
493,3.441438913345337,0.8807601928710938,2.8894024062901735,262144,,
494,3.461215019226074,0.8814201354980469,2.919794224202633,262144,,
495,3.4565277099609375,0.8803863525390625,2.8791615776717663,262144,,
496,3.4805800914764404,0.8798255920410156,2.8205282157287,262144,,
497,3.4260311126708984,0.881378173828125,2.8737414591014385,262144,,
498,3.4337639808654785,0.88116455078125,2.850688824430108,262144,,
499,3.452664375305176,0.8803253173828125,2.8372002951800823,262144,,
500,3.4649322032928467,0.8820114135742188,2.8261291226372123,262144,,
501,3.458435297012329,0.8812370300292969,2.8378782542422414,262144,,
502,3.4801511764526367,0.881622314453125,2.795730068348348,262144,,
503,3.495509147644043,0.8816184997558594,2.8003252130001783,262144,,
504,3.4365689754486084,0.8808174133300781,2.8173179738223553,262144,,
505,3.4431159496307373,0.8805923461914062,2.8182086683809757,262144,,
506,3.4334194660186768,0.8824501037597656,2.868853581137955,262144,,
507,3.4382057189941406,0.8817176818847656,2.8936694590374827,262144,,
508,3.443408966064453,0.8802108764648438,2.893473884090781,262144,,
509,3.4403653144836426,0.8818092346191406,2.909776200540364,262144,,
510,3.447618007659912,0.8817024230957031,2.8749012425541878,262144,,
511,3.452693462371826,0.8822517395019531,2.886925309896469,262144,,
512,3.4088690280914307,0.8818855285644531,2.8862325698137283,262144,3.6025251150131226,0.8802490234375
513,3.4519612789154053,0.8805694580078125,2.8756862739101052,262144,,
514,3.499936819076538,0.8810577392578125,2.8813303569331765,262144,,
515,3.4537124633789062,0.880859375,2.8535197908058763,262144,,
516,3.4756689071655273,0.8810882568359375,2.8320083245635033,262144,,
517,3.4552347660064697,0.8819808959960938,2.94866178650409,262144,,
518,3.4164533615112305,0.8821945190429688,2.8892298359423876,262144,,
519,3.438128709793091,0.881622314453125,2.9172884253785014,262144,,
520,3.4314682483673096,0.8816375732421875,2.887168643064797,262144,,
521,3.448265314102173,0.8819198608398438,2.832874061539769,262144,,
522,3.439709424972534,0.8814697265625,2.8589639123529196,262144,,
523,3.4474287033081055,0.8823394775390625,2.886454618535936,262144,,
524,3.4367923736572266,0.8810958862304688,2.8921804698184133,262144,,
525,3.4743564128875732,0.88250732421875,2.8635225230827928,262144,,
526,3.4723126888275146,0.8823318481445312,2.864365882240236,262144,,
527,3.4209342002868652,0.8819160461425781,2.846073337830603,262144,,
528,3.4583232402801514,0.881256103515625,2.8492475990206003,262144,,
529,3.461538791656494,0.8805084228515625,2.8616970079019666,262144,,
530,3.429032325744629,0.8813514709472656,2.8940461967140436,262144,,
531,3.4473657608032227,0.8822822570800781,2.8779399171471596,262144,,
532,3.4386088848114014,0.8807563781738281,2.8463436160236597,262144,,
533,3.4268152713775635,0.882080078125,2.8731684628874063,262144,,
534,3.431025981903076,0.8819389343261719,2.9153843661770225,262144,,
535,3.447298288345337,0.8825225830078125,2.9296409655362368,262144,,
536,3.4332547187805176,0.8825721740722656,2.914223538711667,262144,,
537,3.464150905609131,0.8798942565917969,2.8882179399952292,262144,,
538,3.4438745975494385,0.8816795349121094,2.8880130043253303,262144,,
539,3.464839458465576,0.8820610046386719,2.87917285785079,262144,,
540,3.4326188564300537,0.8824958801269531,2.8800978884100914,262144,,
541,3.4088547229766846,0.8824501037597656,2.887833960354328,262144,,
542,3.4479916095733643,0.8814582824707031,2.879835866391659,262144,,
543,3.4581587314605713,0.8806266784667969,2.895217079669237,262144,,
544,3.428968667984009,0.8814430236816406,2.8714437121525407,262144,3.60175621509552,0.87908935546875
545,3.4300951957702637,0.8825416564941406,2.8557451367378235,262144,,
546,3.4438798427581787,0.8814926147460938,2.8510651933029294,262144,,
547,3.417742967605591,0.8829193115234375,2.8235488571226597,262144,,
548,3.4075570106506348,0.8810272216796875,2.8156707640737295,262144,,
549,3.427830457687378,0.8809432983398438,2.8250322118401527,262144,,
550,3.4512014389038086,0.8806571960449219,2.826999024488032,262144,,
551,3.4257185459136963,0.8829154968261719,2.8489816579967737,262144,,
552,3.4351093769073486,0.8820152282714844,2.8069013068452477,262144,,
553,3.4123880863189697,0.8812332153320312,2.820994599722326,262144,,
554,3.432919979095459,0.8821220397949219,2.8350147614255548,262144,,
555,3.45381760597229,0.8830986022949219,2.831370187923312,262144,,
556,3.4461028575897217,0.8823204040527344,2.8153196377679706,262144,,
557,3.4368643760681152,0.8815536499023438,2.8199984710663557,262144,,
558,3.4426960945129395,0.8817405700683594,2.8227741569280624,262144,,
559,3.4654459953308105,0.8809432983398438,2.8322221226990223,262144,,
560,3.4531688690185547,0.8815650939941406,2.8396959444507957,262144,,
561,3.4596102237701416,0.882049560546875,2.849756701849401,262144,,
562,3.4670724868774414,0.8820877075195312,2.8537047300487757,262144,,
563,3.4301745891571045,0.8816795349121094,2.8347584335133433,262144,,
564,3.450693368911743,0.8820533752441406,2.836038164794445,262144,,
565,3.4283792972564697,0.8821792602539062,2.8929959386587143,262144,,
566,3.4431350231170654,0.8816757202148438,2.911245577968657,262144,,
567,3.4291486740112305,0.8820762634277344,2.8751350911334157,262144,,
568,3.441636562347412,0.8819541931152344,2.8708712020888925,262144,,
569,3.450185775756836,0.8814239501953125,2.8713410208001733,262144,,
570,3.4462058544158936,0.8817024230957031,2.884161001071334,262144,,
571,3.4488112926483154,0.8817787170410156,2.8767591109499335,262144,,
572,3.415969133377075,0.8812026977539062,2.9002125011757016,262144,,
573,3.442797899246216,0.882354736328125,2.891903329640627,262144,,
574,3.4320521354675293,0.881744384765625,2.883913952857256,262144,,
575,3.447770357131958,0.8822746276855469,2.888039441779256,262144,,
576,3.416902542114258,0.8807754516601562,2.888386672362685,262144,3.59596711397171,0.88287353515625
577,3.4321954250335693,0.8824195861816406,2.8812734549865127,262144,,
578,3.4066145420074463,0.8831443786621094,2.875959040597081,262144,,
579,3.4129672050476074,0.8841209411621094,2.892310095950961,262144,,
580,3.4380719661712646,0.8814010620117188,2.891526528634131,262144,,
581,3.4498229026794434,0.8820991516113281,2.881081409752369,262144,,
582,3.41548490524292,0.8823280334472656,2.8906581168994308,262144,,
583,3.4191665649414062,0.8840103149414062,2.8891770225018263,262144,,
584,3.448075771331787,0.881378173828125,2.8851807015016675,262144,,
585,3.450748920440674,0.8832283020019531,2.883305726572871,262144,,
586,3.4420018196105957,0.8823509216308594,2.8870571991428733,262144,,
587,3.4116010665893555,0.8824920654296875,2.8883030274882913,262144,,
588,3.4434146881103516,0.8816642761230469,2.8810002263635397,262144,,
589,3.4331412315368652,0.88323974609375,2.9494232097640634,262144,,
590,3.417252779006958,0.8826828002929688,2.853360746987164,262144,,
591,3.423898220062256,0.8830299377441406,2.8425037851557136,262144,,
592,3.412587881088257,0.8831214904785156,2.9270596019923687,262144,,
593,3.433211326599121,0.8825798034667969,2.966643058694899,262144,,
594,3.4357645511627197,0.8825874328613281,2.8968637147918344,262144,,
595,3.455044984817505,0.881988525390625,2.8875323738902807,262144,,
596,3.4396932125091553,0.8810501098632812,2.898198570124805,262144,,
597,3.4315483570098877,0.8830757141113281,2.9007030008360744,262144,,
598,3.4452972412109375,0.8812675476074219,2.893355312757194,262144,,
599,3.4153053760528564,0.8832283020019531,2.8878684248775244,262144,,
600,3.428884983062744,0.8832817077636719,2.863999647088349,262144,,
601,3.4430360794067383,0.8820915222167969,2.8692795783281326,262144,,
602,3.4756217002868652,0.8815803527832031,2.8602067194879055,262144,,
603,3.4289920330047607,0.8824920654296875,2.8699754821136594,262144,,
604,3.452613115310669,0.8825950622558594,2.8689046194776893,262144,,
605,3.4360501766204834,0.88214111328125,2.861626292578876,262144,,
606,3.420888900756836,0.8834228515625,2.8721207743510604,262144,,
607,3.445462942123413,0.8829536437988281,2.8658462027087808,262144,,
608,3.4103095531463623,0.8835792541503906,2.8941941363736987,262144,3.5762896835803986,0.880859375
609,3.436882257461548,0.882537841796875,2.9020407553762197,262144,,
610,3.46919584274292,0.8833160400390625,2.870885101146996,262144,,
611,3.450268268585205,0.882598876953125,2.8590634893625975,262144,,
612,3.4388277530670166,0.882598876953125,2.8819209402427077,262144,,
613,3.4523468017578125,0.882080078125,2.9037090511992574,262144,,
614,3.4505155086517334,0.8826141357421875,2.8917591348290443,262144,,
615,3.4466593265533447,0.8829345703125,2.8872826965525746,262144,,
616,3.3965723514556885,0.8821449279785156,2.890143166296184,262144,,
617,3.443343162536621,0.8824462890625,2.8882583640515804,262144,,
618,3.4084839820861816,0.8831825256347656,2.920361528173089,262144,,
619,3.42276930809021,0.88311767578125,2.8473368138074875,262144,,
620,3.439270257949829,0.8821601867675781,2.8270429642871022,262144,,
621,3.424558639526367,0.8832550048828125,2.8217594167217612,262144,,
622,3.43118953704834,0.8833274841308594,2.825427663512528,262144,,
623,3.398185968399048,0.8832893371582031,2.828319514170289,262144,,
624,3.423154830932617,0.8835334777832031,2.827685197815299,262144,,
625,3.4054925441741943,0.8817367553710938,2.8315814211964607,262144,,
626,3.4385929107666016,0.8828315734863281,2.8450335869565606,262144,,
627,3.4439146518707275,0.8830718994140625,2.810637733899057,262144,,
628,3.418302297592163,0.8822364807128906,2.8180876104161143,262144,,
629,3.4065475463867188,0.8829345703125,2.833369486965239,262144,,
630,3.4172170162200928,0.8827857971191406,2.8387720622122288,262144,,
631,3.4216811656951904,0.8825569152832031,2.833189913071692,262144,,
632,3.4036898612976074,0.8835601806640625,2.838427039794624,262144,,
633,3.435959577560425,0.8821487426757812,2.8291196953505278,262144,,
634,3.435981512069702,0.883636474609375,2.834604684263468,262144,,
635,3.3868186473846436,0.8825759887695312,2.8308432633057237,262144,,
636,3.445711135864258,0.8827896118164062,2.840262376703322,262144,,
637,3.407654047012329,0.8830184936523438,2.8242670223116875,262144,,
638,3.4324142932891846,0.88311767578125,2.8260640362277627,262144,,
639,3.4227042198181152,0.8832626342773438,2.8401590194553137,262144,,
640,3.4302926063537598,0.8832015991210938,2.8629856957122684,262144,3.5640784204006195,0.882080078125
641,3.4253504276275635,0.8844795227050781,2.8506489591673017,262144,,
642,3.422794818878174,0.884552001953125,2.858313943259418,262144,,
643,3.4012868404388428,0.8829536437988281,2.8474964080378413,262144,,
644,3.3991432189941406,0.8836517333984375,2.9006658662110567,262144,,
645,3.434556722640991,0.8825340270996094,2.8789307633414865,262144,,
646,3.4158260822296143,0.8824501037597656,2.8782360907644033,262144,,
647,3.404036521911621,0.882659912109375,2.879081666469574,262144,,
648,3.3883824348449707,0.882293701171875,2.8769971262663603,262144,,
649,3.441220998764038,0.8838539123535156,2.867696479894221,262144,,
650,3.4034109115600586,0.8837776184082031,2.8486551251262426,262144,,
651,3.424187183380127,0.8839645385742188,2.844911629334092,262144,,
652,3.4317786693573,0.8825798034667969,2.8272585021331906,262144,,
653,3.4404613971710205,0.8834991455078125,2.8379027722403407,262144,,
654,3.410269021987915,0.8837432861328125,2.846656517125666,262144,,
655,3.4140775203704834,0.8845367431640625,2.8653522673994303,262144,,
656,3.439628839492798,0.882598876953125,2.877902993001044,262144,,
657,3.429720163345337,0.8825492858886719,2.8780711395666003,262144,,
658,3.412278652191162,0.8837127685546875,2.8843224802985787,262144,,
659,3.413648843765259,0.8835411071777344,2.857259990647435,262144,,
660,3.424257278442383,0.8841705322265625,2.863133691251278,262144,,
661,3.4286210536956787,0.8836250305175781,2.8648783657699823,262144,,
662,3.428485155105591,0.8823661804199219,2.8691230611875653,262144,,
663,3.4137144088745117,0.8823928833007812,2.861630997620523,262144,,
664,3.4002676010131836,0.88299560546875,2.8687143390998244,262144,,
665,3.424501895904541,0.8831100463867188,2.866027068346739,262144,,
666,3.4200212955474854,0.8832015991210938,2.8629243224859238,262144,,
667,3.391951322555542,0.8832130432128906,2.8675809632986784,262144,,
668,3.413463830947876,0.8829231262207031,2.823553112335503,262144,,
669,3.447450637817383,0.8836288452148438,2.829372621141374,262144,,
670,3.4131979942321777,0.8826522827148438,2.8333946941420436,262144,,
671,3.414902448654175,0.8827743530273438,2.891423899680376,262144,,
672,3.424534320831299,0.8839569091796875,2.874433564953506,262144,3.5824891924858093,0.88055419921875
673,3.4261629581451416,0.884521484375,2.8686904003843665,262144,,
674,3.3938446044921875,0.8830642700195312,2.862965300679207,262144,,
675,3.4070255756378174,0.8834724426269531,2.8862736374139786,262144,,
676,3.399448871612549,0.8828582763671875,2.8995070066303015,262144,,
677,3.410093069076538,0.8834686279296875,2.9044846910983324,262144,,
678,3.4187304973602295,0.8831024169921875,2.9102583676576614,262144,,
679,3.393947124481201,0.8832435607910156,2.911896236240864,262144,,
680,3.3921844959259033,0.8832778930664062,2.8734577000141144,262144,,
681,3.4205985069274902,0.8823204040527344,2.8146060900762677,262144,,
682,3.421178102493286,0.8833732604980469,2.8179457737132907,262144,,
683,3.374624490737915,0.8831253051757812,2.878079069778323,262144,,
684,3.4108262062072754,0.8832473754882812,2.8978961734101176,262144,,
685,3.4286904335021973,0.8829765319824219,2.9102410478517413,262144,,
686,3.429361581802368,0.8825721740722656,2.901978736743331,262144,,
687,3.420093059539795,0.8841743469238281,2.876010966487229,262144,,
688,3.402308940887451,0.8830413818359375,2.8779162457212806,262144,,
689,3.428332805633545,0.8841476440429688,2.9660427225753665,262144,,
690,3.41625714302063,0.8848609924316406,2.8347250185906887,262144,,
691,3.4000089168548584,0.8847503662109375,2.879775787703693,262144,,
692,3.4342684745788574,0.8843536376953125,2.8562378119677305,262144,,
693,3.3961708545684814,0.8836250305175781,2.866080690175295,262144,,
694,3.3928651809692383,0.8833885192871094,2.820315713994205,262144,,
695,3.421029567718506,0.8825759887695312,2.8117406899109483,262144,,
696,3.397639513015747,0.8834419250488281,2.8083011098206043,262144,,
697,3.409728765487671,0.88214111328125,2.8393002850934863,262144,,
698,3.3996760845184326,0.8829307556152344,2.835669595748186,262144,,
699,3.39436936378479,0.8844947814941406,2.8959642415866256,262144,,
700,3.4220826625823975,0.8837852478027344,2.8510224875062704,262144,,
701,3.424657106399536,0.8831748962402344,2.8975891787558794,262144,,
702,3.423970937728882,0.8833084106445312,2.907925169914961,262144,,
703,3.3811962604522705,0.8846435546875,2.9092743629589677,262144,,
704,3.3958182334899902,0.8836860656738281,2.896396480500698,262144,3.5456850230693817,0.8814697265625
705,3.4129276275634766,0.8831787109375,2.919161396101117,262144,,
706,3.4368743896484375,0.8840065002441406,2.911422369070351,262144,,
707,3.373169422149658,0.8840484619140625,2.884289151057601,262144,,
708,3.4058401584625244,0.8848686218261719,2.886953953653574,262144,,
709,3.4236724376678467,0.8850517272949219,2.9159616539254785,262144,,
710,3.416877508163452,0.8847236633300781,2.896475177258253,262144,,
711,3.417834758758545,0.8835067749023438,2.8652290236204863,262144,,
712,3.417541027069092,0.8822479248046875,2.870836920104921,262144,,
713,3.3980448246002197,0.8851089477539062,2.9282978158444166,262144,,
714,3.4604058265686035,0.8825263977050781,2.877045089378953,262144,,
715,3.4099678993225098,0.8842201232910156,2.878340033814311,262144,,
716,3.4012904167175293,0.8835296630859375,2.8763897866010666,262144,,
717,3.4019742012023926,0.8839607238769531,2.8991945050656796,262144,,
718,3.408608913421631,0.8838462829589844,2.91192121617496,262144,,
719,3.4163405895233154,0.8843307495117188,2.9020764641463757,262144,,
720,3.38433575630188,0.8853073120117188,2.895901730284095,262144,,
721,3.4156079292297363,0.8843231201171875,2.9020196003839374,262144,,
722,3.423959255218506,0.8826904296875,2.9294040855020285,262144,,
723,3.4262688159942627,0.8828086853027344,2.9019695864990354,262144,,
724,3.411745309829712,0.8840866088867188,2.8616561982780695,262144,,
725,3.382053852081299,0.8848762512207031,2.85862232837826,262144,,
726,3.4203317165374756,0.8840980529785156,2.840456780977547,262144,,
727,3.4312684535980225,0.8839950561523438,2.839285016991198,262144,,
728,3.3811018466949463,0.8846931457519531,2.8617260847240686,262144,,
729,3.41351056098938,0.8849678039550781,2.831132554449141,262144,,
730,3.436685800552368,0.8851776123046875,2.8442633533850312,262144,,
731,3.388356924057007,0.8850288391113281,2.883486052043736,262144,,
732,3.4103751182556152,0.8837814331054688,2.8485889704898,262144,,
733,3.4421236515045166,0.8841438293457031,2.8742754198610783,262144,,
734,3.4205102920532227,0.8847808837890625,2.8664173875004053,262144,,
735,3.412959575653076,0.884674072265625,2.8603729382157326,262144,,
736,3.4148552417755127,0.8845252990722656,2.8876256309449673,262144,3.5633431673049927,0.88323974609375
737,3.4042816162109375,0.883941650390625,2.8811508724465966,262144,,
738,3.4020543098449707,0.8844451904296875,2.855235625989735,262144,,
739,3.4002468585968018,0.8845329284667969,2.861784014850855,262144,,
740,3.4366109371185303,0.8833999633789062,2.8719507716596127,262144,,
741,3.4053444862365723,0.8833847045898438,2.8774670315906405,262144,,
742,3.4259631633758545,0.883514404296875,2.8710315730422735,262144,,
743,3.4022767543792725,0.8840980529785156,2.8568367706611753,262144,,
744,3.407655954360962,0.8841018676757812,2.8871075324714184,262144,,
745,3.419257640838623,0.8839187622070312,2.8892297064885497,262144,,
746,3.420203924179077,0.8831062316894531,2.8821751018986106,262144,,
747,3.392703056335449,0.8842201232910156,2.886555103585124,262144,,
748,3.389493942260742,0.8844490051269531,2.895332475192845,262144,,
749,3.4061129093170166,0.8836708068847656,2.8661434603855014,262144,,
750,3.421628952026367,0.8848953247070312,2.8940822752192616,262144,,
751,3.413020133972168,0.8849220275878906,2.91280747205019,262144,,
752,3.4375863075256348,0.8835601806640625,2.9204428140074015,262144,,
753,3.4065005779266357,0.8846549987792969,2.9238957157358527,262144,,
754,3.373518705368042,0.8839797973632812,2.9146771542727947,262144,,
755,3.4103965759277344,0.8844528198242188,2.8865846814587712,262144,,
756,3.3961238861083984,0.884735107421875,3.019432066939771,262144,,
757,3.39243745803833,0.8848037719726562,2.9323421297594905,262144,,
758,3.4326212406158447,0.8841209411621094,2.9247397175058722,262144,,
759,3.4003000259399414,0.8843002319335938,2.8726710863411427,262144,,
760,3.4348034858703613,0.8853759765625,2.8962979009374976,262144,,
761,3.37315034866333,0.8845787048339844,3.0001570135354996,262144,,
762,3.415400505065918,0.8842964172363281,2.8751517198979855,262144,,
763,3.412069082260132,0.8845252990722656,2.8774234699085355,262144,,
764,3.4069411754608154,0.8841438293457031,2.883485901169479,262144,,
765,3.3725969791412354,0.8841361999511719,2.884895885363221,262144,,
766,3.3765158653259277,0.8834495544433594,2.918356786482036,262144,,
767,3.421370029449463,0.8835258483886719,2.84704976528883,262144,,
768,3.3996384143829346,0.8837089538574219,2.9401298416778445,262144,3.5565534234046936,0.8819580078125
769,3.404099464416504,0.8847236633300781,2.8908168599009514,262144,,
770,3.3774607181549072,0.8847160339355469,2.909422623924911,262144,,
771,3.4226677417755127,0.8848228454589844,2.863942393101752,262144,,
772,3.4059252738952637,0.8842353820800781,2.831331167370081,262144,,
773,3.3956079483032227,0.8831367492675781,2.835443889722228,262144,,
774,3.382652997970581,0.8837203979492188,2.836222526617348,262144,,
775,3.3858821392059326,0.8847808837890625,2.8278498305007815,262144,,
776,3.391972303390503,0.8847808837890625,2.847298316657543,262144,,
777,3.4057424068450928,0.8849334716796875,2.8687056424096227,262144,,
778,3.3797731399536133,0.8854446411132812,2.826367965899408,262144,,
779,3.3959004878997803,0.8850326538085938,2.7914891382679343,262144,,
780,3.400567054748535,0.8844108581542969,2.7691539833322167,262144,,
781,3.394033908843994,0.8838653564453125,2.7607259415090084,262144,,
782,3.380899667739868,0.8848915100097656,2.772242615930736,262144,,
783,3.3784050941467285,0.8848075866699219,2.725041943602264,262144,,
784,3.4173641204833984,0.8846397399902344,2.727336968295276,262144,,
785,3.403093099594116,0.8847808837890625,2.7207097290083766,262144,,
786,3.3678109645843506,0.8853225708007812,2.7186925895512104,262144,,
787,3.393613815307617,0.8841667175292969,2.729041960090399,262144,,
788,3.4181106090545654,0.8843040466308594,2.816714398562908,262144,,
789,3.3982229232788086,0.8838653564453125,2.709058739244938,262144,,
790,3.4099912643432617,0.8844108581542969,2.717378963716328,262144,,
791,3.374490261077881,0.8852043151855469,2.7168312463909388,262144,,
792,3.4018635749816895,0.8833160400390625,2.7555802036076784,262144,,
793,3.3835861682891846,0.8834609985351562,2.7504055444151163,262144,,
794,3.3948607444763184,0.8863716125488281,2.7719545755535364,262144,,
795,3.377925395965576,0.8848953247070312,2.817402273416519,262144,,
796,3.4086527824401855,0.8860626220703125,2.8361834501847625,262144,,
797,3.430996894836426,0.8850784301757812,2.809625031426549,262144,,
798,3.409058094024658,0.8850593566894531,2.829827775247395,262144,,
799,3.415173053741455,0.88409423828125,2.8153628604486585,262144,,
800,3.3786752223968506,0.8837089538574219,2.8321201223880053,262144,3.541815400123596,0.882568359375
801,3.401947498321533,0.8854751586914062,2.87849541567266,262144,,
802,3.4194133281707764,0.8837356567382812,2.8588840551674366,262144,,
803,3.3889851570129395,0.8854446411132812,2.8978795679286122,262144,,
804,3.413409471511841,0.885162353515625,2.819915186613798,262144,,
805,3.4037811756134033,0.8841705322265625,2.740669710561633,262144,,
806,3.424281597137451,0.884185791015625,2.7002093605697155,262144,,
807,3.4009032249450684,0.8854904174804688,2.6939088348299265,262144,,
808,3.3985488414764404,0.8849754333496094,2.7702366579324007,262144,,
809,3.4040021896362305,0.8855819702148438,2.826728818938136,262144,,
810,3.395914316177368,0.88494873046875,2.820439949631691,262144,,
811,3.3719310760498047,0.8849334716796875,2.8073907187208533,262144,,
812,3.379096746444702,0.8852806091308594,2.8138107005506754,262144,,
813,3.3949027061462402,0.8846969604492188,2.833211747929454,262144,,
814,3.366175651550293,0.885406494140625,2.8472512774169445,262144,,
815,3.402974843978882,0.8849067687988281,2.840712418779731,262144,,
816,3.4006223678588867,0.8864021301269531,2.8473857389762998,262144,,
817,3.3785550594329834,0.8858489990234375,2.820283100940287,262144,,
818,3.4105947017669678,0.8861083984375,2.778898653574288,262144,,
819,3.4006876945495605,0.8859939575195312,2.8104440262541175,262144,,
820,3.41243052482605,0.8862113952636719,2.8443907303735614,262144,,
821,3.3768887519836426,0.8847541809082031,2.8116362495347857,262144,,
822,3.410548448562622,0.8851509094238281,2.7728795232251287,262144,,
823,3.4421677589416504,0.88427734375,2.7598293274641037,262144,,
824,3.408994674682617,0.8847885131835938,2.8226148784160614,262144,,
825,3.3963027000427246,0.8849143981933594,2.8037143172696233,262144,,
826,3.397353172302246,0.8853416442871094,2.783002548851073,262144,,
827,3.394062042236328,0.8850593566894531,2.845169072970748,262144,,
828,3.3709816932678223,0.8839149475097656,2.9804880814626813,262144,,
829,3.410125970840454,0.8850746154785156,2.8827074067667127,262144,,
830,3.398857593536377,0.8852653503417969,2.8354908172041178,262144,,
831,3.3918371200561523,0.8845481872558594,2.8428639080375433,262144,,
832,3.3675239086151123,0.8852920532226562,2.8913779566064477,262144,3.5464924573898315,0.88629150390625
833,3.4100351333618164,0.8851509094238281,2.8512451741844416,262144,,
834,3.3964502811431885,0.8849105834960938,2.8416447546333075,262144,,
835,3.3906166553497314,0.8851089477539062,3.071660009212792,262144,,
836,3.3921563625335693,0.8852615356445312,2.840675139799714,262144,,
837,3.371344804763794,0.8844757080078125,2.8244476532563567,262144,,
838,3.387721061706543,0.8867301940917969,2.816360143944621,262144,,
839,3.3962485790252686,0.8848648071289062,2.789911201223731,262144,,
840,3.4098775386810303,0.8856697082519531,2.7952563567087054,262144,,
841,3.3789916038513184,0.8862075805664062,2.743675695732236,262144,,
842,3.4135937690734863,0.8857231140136719,2.7050382904708385,262144,,
843,3.384037733078003,0.8857803344726562,2.6817873623222113,262144,,
844,3.427206039428711,0.88470458984375,2.69071130361408,262144,,
845,3.3929555416107178,0.8851509094238281,2.770468075759709,262144,,
846,3.3755037784576416,0.884613037109375,2.817548245191574,262144,,
847,3.432586193084717,0.8837547302246094,2.859310415573418,262144,,
848,3.3974218368530273,0.8863792419433594,2.725265074521303,262144,,
849,3.3885059356689453,0.8860855102539062,2.799038527533412,262144,,
850,3.385573148727417,0.8845596313476562,2.761849896982312,262144,,
851,3.3677432537078857,0.8850326538085938,2.7959864027798176,262144,,
852,3.4035181999206543,0.8842544555664062,2.712132403627038,262144,,
853,3.3941328525543213,0.8860054016113281,2.7287121284753084,262144,,
854,3.3996706008911133,0.8856697082519531,2.7217099983245134,262144,,
855,3.3946585655212402,0.8855171203613281,2.7035113545134664,262144,,
856,3.3817803859710693,0.8850440979003906,2.710623547434807,262144,,
857,3.3873767852783203,0.8860588073730469,2.765167030505836,262144,,
858,3.381718158721924,0.8857460021972656,2.764809220097959,262144,,
859,3.4012317657470703,0.8851699829101562,2.844975685700774,262144,,
860,3.4044301509857178,0.8858757019042969,2.817626607604325,262144,,
861,3.3563570976257324,0.8844184875488281,2.77684844750911,262144,,
862,3.3946893215179443,0.8857345581054688,2.8205727338790894,262144,,
863,3.3935112953186035,0.8851470947265625,2.807647173292935,262144,,
864,3.404231309890747,0.8850173950195312,2.7789595844224095,262144,3.523080885410309,0.882568359375
865,3.3932442665100098,0.8840179443359375,2.8161923428997397,262144,,
866,3.4090330600738525,0.88525390625,2.895150384865701,262144,,
867,3.369840621948242,0.8860054016113281,2.8398891435936093,262144,,
868,3.378622055053711,0.8851585388183594,2.750133783556521,262144,,
869,3.3659207820892334,0.8853950500488281,2.784402873367071,262144,,
870,3.3845622539520264,0.8848190307617188,2.766822949051857,262144,,
871,3.3931005001068115,0.8853836059570312,2.7546874387189746,262144,,
872,3.36989688873291,0.8873519897460938,2.794071045704186,262144,,
873,3.375779628753662,0.8850212097167969,2.7261415887624025,262144,,
874,3.3918709754943848,0.8848609924316406,2.7053812062367797,262144,,
875,3.3916430473327637,0.8854751586914062,2.7155637135729194,262144,,
876,3.3732452392578125,0.8851356506347656,2.782771287485957,262144,,
877,3.3927948474884033,0.8855094909667969,2.820071932859719,262144,,
878,3.4005942344665527,0.8849525451660156,2.802058443427086,262144,,
879,3.376760959625244,0.884735107421875,2.796841910108924,262144,,
880,3.3620545864105225,0.8865509033203125,2.7756512258201838,262144,,
881,3.395972490310669,0.8859062194824219,2.770545552484691,262144,,
882,3.3834168910980225,0.8853340148925781,2.9485565442591906,262144,,
883,3.3822519779205322,0.8836402893066406,2.899231598712504,262144,,
884,3.4160683155059814,0.8851852416992188,2.926120974123478,262144,,
885,3.3774890899658203,0.8858489990234375,2.8157116500660777,262144,,
886,3.3789331912994385,0.886810302734375,2.7907594004645944,262144,,
887,3.3525068759918213,0.8851394653320312,2.801274278201163,262144,,
888,3.378608465194702,0.88470458984375,2.7750928485766053,262144,,
889,3.4001564979553223,0.8858489990234375,2.779928590171039,262144,,
890,3.3948066234588623,0.8861083984375,2.778587445616722,262144,,
891,3.37431001663208,0.8846511840820312,2.8481807000935078,262144,,
892,3.36978816986084,0.8853569030761719,2.756462911143899,262144,,
893,3.399765968322754,0.8837699890136719,2.7297921925783157,262144,,
894,3.3615646362304688,0.8859214782714844,2.813852122053504,262144,,
895,3.3613831996917725,0.8859901428222656,2.8391670743003488,262144,,
896,3.369128942489624,0.8856620788574219,2.842912321910262,262144,3.5376967787742615,0.88433837890625
897,3.363051414489746,0.8853302001953125,2.8664373261854053,262144,,
898,3.3429689407348633,0.8866691589355469,2.796376376412809,262144,,
899,3.371509075164795,0.8860549926757812,2.9446716364473104,262144,,
900,3.3716158866882324,0.8858528137207031,2.805993809364736,262144,,
901,3.3918890953063965,0.8865280151367188,2.82798904273659,262144,,
902,3.3897087574005127,0.8845672607421875,2.8217460988089442,262144,,
903,3.3969383239746094,0.8852005004882812,2.8110264521092176,262144,,
904,3.3697292804718018,0.8862724304199219,2.816408658400178,262144,,
905,3.3737149238586426,0.8865318298339844,2.7707304153591394,262144,,
906,3.4210524559020996,0.8851547241210938,2.731586025096476,262144,,
907,3.3844411373138428,0.8864517211914062,2.714995715767145,262144,,
908,3.3936047554016113,0.8857803344726562,2.9030494298785925,262144,,
909,3.388580560684204,0.8847503662109375,2.8139143884181976,262144,,
910,3.3782846927642822,0.8857345581054688,2.815412231720984,262144,,
911,3.3696088790893555,0.8851165771484375,2.797547091729939,262144,,
912,3.397564649581909,0.8843765258789062,2.805565177462995,262144,,
913,3.3944883346557617,0.8857994079589844,2.8024735506623983,262144,,
914,3.3854100704193115,0.88580322265625,2.7997213937342167,262144,,
915,3.382491111755371,0.8839988708496094,2.8154026102274656,262144,,
916,3.3654797077178955,0.8856735229492188,2.8199604665860534,262144,,
917,3.3898370265960693,0.8866539001464844,2.8308767192065716,262144,,
918,3.3866891860961914,0.8851547241210938,2.867111325263977,262144,,
919,3.3902673721313477,0.8854713439941406,2.8455016259104013,262144,,
920,3.3970179557800293,0.8848304748535156,2.83555041346699,262144,,
921,3.391582727432251,0.8840484619140625,2.8169824285432696,262144,,
922,3.3815829753875732,0.8853378295898438,2.7993835527449846,262144,,
923,3.37444806098938,0.8864326477050781,2.8116411566734314,262144,,
924,3.4019670486450195,0.8852310180664062,2.7871256889775395,262144,,
925,3.344668388366699,0.885528564453125,2.847729889675975,262144,,
926,3.3570427894592285,0.8856315612792969,2.8492308128625154,262144,,
927,3.3599138259887695,0.8856620788574219,2.8105926299467683,262144,,
928,3.360621213912964,0.8866539001464844,2.8244152050465345,262144,3.5342909693717957,0.8824462890625
929,3.385960340499878,0.8856391906738281,2.8502553831785917,262144,,
930,3.363032102584839,0.885101318359375,2.877006258815527,262144,,
931,3.4125328063964844,0.8851585388183594,2.8158622290939093,262144,,
932,3.346405267715454,0.8860893249511719,3.043937034904957,262144,,
933,3.3656957149505615,0.88531494140625,3.02834212500602,262144,,
934,3.389803647994995,0.8857574462890625,2.980721930973232,262144,,
935,3.408792734146118,0.8847503662109375,3.01106577180326,262144,,
936,3.381603956222534,0.8860130310058594,3.0435373969376087,262144,,
937,3.3733067512512207,0.8860816955566406,3.057761234231293,262144,,
938,3.388920307159424,0.8857460021972656,3.0585391502827406,262144,,
939,3.3853564262390137,0.8847770690917969,3.0520888855680823,262144,,
940,3.387169122695923,0.8857002258300781,3.200029610656202,262144,,
941,3.374772310256958,0.8865852355957031,3.0173340123146772,262144,,
942,3.3383240699768066,0.8861961364746094,2.9917446365579963,262144,,
943,3.366255521774292,0.8845710754394531,3.106104465201497,262144,,
944,3.350912570953369,0.885986328125,2.8105190889909863,262144,,
945,3.387875556945801,0.8863143920898438,2.770639737136662,262144,,
946,3.3809828758239746,0.8854141235351562,2.7241037245839834,262144,,
947,3.3910391330718994,0.886932373046875,2.7600759649649262,262144,,
948,3.362532377243042,0.8869705200195312,2.801293226890266,262144,,
949,3.3755075931549072,0.8865509033203125,2.725395287387073,262144,,
950,3.3900609016418457,0.8856582641601562,2.73731273598969,262144,,
951,3.374812602996826,0.88568115234375,2.7482402427121997,262144,,
952,3.38993501663208,0.8870506286621094,2.7385241435840726,262144,,
953,3.4074630737304688,0.8861541748046875,2.7630812572315335,262144,,
954,3.3419015407562256,0.8854026794433594,2.782779878936708,262144,,
955,3.359890937805176,0.8852806091308594,2.8381946804001927,262144,,
956,3.3861985206604004,0.8861312866210938,3.0275429598987103,262144,,
957,3.4122142791748047,0.8855247497558594,3.1142114996910095,262144,,
958,3.3814775943756104,0.8851814270019531,3.0569691294804215,262144,,
959,3.3584940433502197,0.88665771484375,3.097676020115614,262144,,
960,3.355264186859131,0.8852729797363281,3.0465641245245934,262144,3.5146274268627167,0.88360595703125
961,3.389655590057373,0.8867225646972656,3.037953717634082,262144,,
962,3.370915412902832,0.8872451782226562,3.0960679706186056,262144,,
963,3.390244722366333,0.8855819702148438,3.1623682156205177,262144,,
964,3.378404140472412,0.8860931396484375,3.0584766240790486,262144,,
965,3.3559365272521973,0.8855171203613281,3.0568841956555843,262144,,
966,3.3586504459381104,0.88665771484375,3.068411164917052,262144,,
967,3.340074062347412,0.8867645263671875,3.0707746353000402,262144,,
968,3.389080286026001,0.8858871459960938,3.0681534111499786,262144,,
969,3.369365692138672,0.8852577209472656,3.1977307004854083,262144,,
970,3.3756983280181885,0.8854560852050781,3.0704956613481045,262144,,
971,3.355470657348633,0.8856353759765625,3.1093701478093863,262144,,
972,3.3913979530334473,0.8867378234863281,3.0937726236879826,262144,,
973,3.3755993843078613,0.8867149353027344,3.0757646756246686,262144,,
974,3.3660080432891846,0.8868827819824219,3.0743296053260565,262144,,
975,3.364208698272705,0.886810302734375,3.0518154930323362,262144,,
976,3.3695895671844482,0.8855361938476562,3.1516211042180657,262144,,
977,3.404100179672241,0.8865470886230469,3.042079757899046,262144,,
978,3.4094367027282715,0.8872756958007812,3.0248349346220493,262144,,
979,3.3916311264038086,0.8866310119628906,3.0591947520151734,262144,,
980,3.3802781105041504,0.8866920471191406,3.0007123136892915,262144,,
981,3.379725933074951,0.8865509033203125,3.0385838598012924,262144,,
982,3.386972427368164,0.8867645263671875,3.019550451077521,262144,,
983,3.3878700733184814,0.8871994018554688,3.0237743742763996,262144,,
984,3.392575979232788,0.8859062194824219,3.0098145622760057,262144,,
985,3.376293897628784,0.8859634399414062,3.0831548953428864,262144,,
986,3.386486768722534,0.8865928649902344,3.10056319180876,262144,,
987,3.371572971343994,0.8863182067871094,3.0568877048790455,262144,,
988,3.3719754219055176,0.885833740234375,3.0954419104382396,262144,,
989,3.3587069511413574,0.8864784240722656,3.055029071867466,262144,,
990,3.368911027908325,0.8879356384277344,3.0251665180549026,262144,,
991,3.3575897216796875,0.8855552673339844,3.0163270151242614,262144,,
992,3.3724963665008545,0.8863906860351562,3.0336016258224845,262144,3.5242793262004852,0.88433837890625
993,3.3692378997802734,0.8864250183105469,3.0299618542194366,262144,,
994,3.3512113094329834,0.8862991333007812,3.024995908141136,262144,,
995,3.38907790184021,0.8853912353515625,3.0112178549170494,262144,,
996,3.3491618633270264,0.8866004943847656,3.070034491829574,262144,,
997,3.370335102081299,0.8864707946777344,3.0482401810586452,262144,,
998,3.3773348331451416,0.8859291076660156,3.1845114482566714,262144,,
999,3.382586717605591,0.8865890502929688,3.0562355080619454,262144,,
1000,3.3895976543426514,0.8859519958496094,3.054896295070648,262144,,
1001,3.355151653289795,0.8863677978515625,3.0715936617925763,262144,,
1002,3.3441615104675293,0.8869972229003906,3.2259348863735795,262144,,
1003,3.3568270206451416,0.8853225708007812,3.02140343002975,262144,,
1004,3.3450446128845215,0.8874244689941406,3.0785943241789937,262144,,
1005,3.3886985778808594,0.8866004943847656,3.117341209203005,262144,,
1006,3.3673617839813232,0.8871002197265625,3.100489754229784,262144,,
1007,3.3771846294403076,0.8876075744628906,3.0097096851095557,262144,,
1008,3.3579695224761963,0.8864326477050781,2.9948372347280383,262144,,
1009,3.3719685077667236,0.8865165710449219,2.9921920746564865,262144,,
1010,3.3839120864868164,0.8862876892089844,3.0474223382771015,262144,,
1011,3.3947038650512695,0.8866462707519531,2.9794467194005847,262144,,
1012,3.360975980758667,0.8865470886230469,2.980845413170755,262144,,
1013,3.3565354347229004,0.8863983154296875,2.9710010048002005,262144,,
1014,3.3413383960723877,0.8857536315917969,3.129983709193766,262144,,
1015,3.3624191284179688,0.8869514465332031,3.0285301078110933,262144,,
1016,3.3534834384918213,0.8863372802734375,2.964606899768114,262144,,
1017,3.3705930709838867,0.8872642517089844,3.02615852560848,262144,,
1018,3.3677196502685547,0.8870010375976562,3.067131425254047,262144,,
1019,3.379920721054077,0.8861923217773438,2.9678070629015565,262144,,
1020,3.3792641162872314,0.8866539001464844,2.9739398611709476,262144,,
1021,3.3706696033477783,0.8855743408203125,3.007128754630685,262144,,
1022,3.385312557220459,0.8857269287109375,3.049731788225472,262144,,
1023,3.4018259048461914,0.8858413696289062,2.9785260502249002,262144,,
1024,3.382697582244873,0.88677978515625,2.9925227193161845,262144,3.506260573863983,0.88409423828125
1025,3.3580024242401123,0.8867759704589844,2.990017907693982,262144,,
1026,3.3933725357055664,0.8864021301269531,2.9911427292972803,262144,,
1027,3.3335578441619873,0.8855438232421875,3.008293186314404,262144,,
1028,3.364746570587158,0.8863296508789062,3.0989311449229717,262144,,
1029,3.3822782039642334,0.8871192932128906,3.083825801499188,262144,,
1030,3.3507885932922363,0.8867263793945312,3.1043086433783174,262144,,
1031,3.381226062774658,0.8866157531738281,3.077461118809879,262144,,
1032,3.3557772636413574,0.8865165710449219,3.0640487298369408,262144,,
1033,3.3754286766052246,0.886749267578125,3.0514874728396535,262144,,
1034,3.369415283203125,0.886688232421875,3.193784210830927,262144,,
1035,3.3906891345977783,0.8857231140136719,3.077917921356857,262144,,
1036,3.34706711769104,0.8860359191894531,4.335167926736176,262144,,
1037,3.362377882003784,0.88739013671875,5.841081177815795,262144,,
1038,3.326284646987915,0.8866081237792969,5.987088769674301,262144,,
1039,3.3797049522399902,0.8864707946777344,6.0644790614023805,262144,,
1040,3.364841938018799,0.8858718872070312,5.362123250029981,262144,,
1041,3.3635876178741455,0.8859100341796875,4.98398245498538,262144,,
1042,3.373560667037964,0.8867988586425781,6.194335761480033,262144,,
1043,3.3658175468444824,0.8872756958007812,6.189409948885441,262144,,
1044,3.347630500793457,0.8863639831542969,6.132954051718116,262144,,
1045,3.3618385791778564,0.8863487243652344,5.433657797984779,262144,,
1046,3.3656373023986816,0.8868522644042969,5.754029693081975,262144,,
1047,3.360260009765625,0.886627197265625,5.954337829723954,262144,,
1048,3.3685030937194824,0.8852882385253906,5.749497406184673,262144,,
1049,3.348825216293335,0.8865852355957031,6.211131911724806,262144,,
1050,3.363577127456665,0.8862533569335938,6.032687632367015,262144,,
1051,3.3621132373809814,0.8864326477050781,6.085774812847376,262144,,
1052,3.351025342941284,0.8861541748046875,6.279270478524268,262144,,
1053,3.3709657192230225,0.886016845703125,5.646312069147825,262144,,
1054,3.373674154281616,0.8865737915039062,5.732271292246878,262144,,
1055,3.3771448135375977,0.8862762451171875,4.354529110714793,262144,,
1056,3.3814072608947754,0.8873252868652344,3.1195762241259217,262144,3.519413083791733,0.8857421875
1057,3.3662643432617188,0.887664794921875,3.1252990011125803,262144,,
1058,3.3674843311309814,0.887420654296875,5.019090512767434,262144,,
1059,3.406827688217163,0.8875923156738281,5.994563026353717,262144,,
1060,3.354379892349243,0.8869514465332031,6.11989042814821,262144,,
1061,3.349870443344116,0.8872604370117188,5.970754891633987,262144,,
1062,3.3970584869384766,0.8863601684570312,5.828872428275645,262144,,
1063,3.381967782974243,0.8859519958496094,5.493481103330851,262144,,
1064,3.373476028442383,0.8865776062011719,5.851083073765039,262144,,
1065,3.364457368850708,0.8878097534179688,6.145292721688747,262144,,
1066,3.393172025680542,0.8870086669921875,5.364171537570655,262144,,
1067,3.3454065322875977,0.8867111206054688,5.636014607734978,262144,,
1068,3.3605449199676514,0.8875961303710938,5.459966848604381,262144,,
1069,3.349072217941284,0.8871345520019531,5.78200853522867,262144,,
1070,3.3725976943969727,0.8879814147949219,5.674239709973335,262144,,
1071,3.3344674110412598,0.887115478515625,5.895603617653251,262144,,
1072,3.3932583332061768,0.8875999450683594,5.940769305452704,262144,,
1073,3.3431315422058105,0.8869781494140625,4.995030087418854,262144,,
1074,3.3876953125,0.8871726989746094,6.090879114344716,262144,,
1075,3.364686965942383,0.8866348266601562,5.906485584564507,262144,,
1076,3.363090753555298,0.8872184753417969,5.586538975127041,262144,,
1077,3.3942575454711914,0.8873977661132812,3.153526596724987,262144,,
1078,3.3476979732513428,0.88726806640625,3.050231277011335,262144,,
1079,3.350113868713379,0.8874282836914062,4.230317300185561,262144,,
1080,3.371732473373413,0.8870887756347656,6.2532397313043475,262144,,
1081,3.371734380722046,0.8871345520019531,6.063846160657704,262144,,
1082,3.352755546569824,0.8875198364257812,5.936254163272679,262144,,
1083,3.3632960319519043,0.8861579895019531,5.2685838444158435,262144,,
1084,3.3584771156311035,0.8866958618164062,5.247009739279747,262144,,
1085,3.3482682704925537,0.8865013122558594,5.382389783859253,262144,,
1086,3.3639461994171143,0.8876495361328125,5.589345927350223,262144,,
1087,3.3721017837524414,0.8876914978027344,5.743170884437859,262144,,
1088,3.384646415710449,0.8868789672851562,4.789486641064286,262144,3.509934186935425,0.8837890625
1089,3.3478987216949463,0.8862380981445312,5.97820389829576,262144,,
1090,3.348795175552368,0.8881607055664062,5.460139146074653,262144,,
1091,3.357619524002075,0.8874282836914062,6.1953111588954926,262144,,
1092,3.3653295040130615,0.8872032165527344,5.625759296119213,262144,,
1093,3.3565094470977783,0.886932373046875,5.773086201399565,262144,,
1094,3.337527275085449,0.8872718811035156,5.451163415797055,262144,,
1095,3.4005532264709473,0.8862686157226562,6.095123648643494,262144,,
1096,3.3493471145629883,0.8867759704589844,5.768844629637897,262144,,
1097,3.3626577854156494,0.886749267578125,5.483836940489709,262144,,
1098,3.3626811504364014,0.8867225646972656,5.0937867956236005,262144,,
1099,3.362675905227661,0.8868827819824219,3.0923315780237317,262144,,
1100,3.3704771995544434,0.8872032165527344,3.055528225377202,262144,,
1101,3.359429359436035,0.8877677917480469,4.919167197309434,262144,,
1102,3.3415989875793457,0.887420654296875,4.263964089564979,262144,,
1103,3.367403984069824,0.8875503540039062,5.347104774788022,262144,,
1104,3.3485147953033447,0.8874702453613281,4.140927908942103,262144,,
1105,3.3750734329223633,0.8870468139648438,4.582940669730306,262144,,
1106,3.3437185287475586,0.8871994018554688,4.259115277789533,262144,,
1107,3.333310842514038,0.88671875,4.939286764711142,262144,,
1108,3.3546030521392822,0.8865509033203125,4.974566602148116,262144,,
1109,3.339651107788086,0.8881912231445312,5.850627323612571,262144,,
1110,3.367201089859009,0.8881607055664062,5.543834236450493,262144,,
1111,3.3875668048858643,0.8880653381347656,5.348085960373282,262144,,
1112,3.3586182594299316,0.8880538940429688,4.75044231582433,262144,,
1113,3.3476758003234863,0.8874397277832031,5.579378817230463,262144,,
1114,3.351712226867676,0.8876380920410156,5.738160883076489,262144,,
1115,3.3460848331451416,0.8866996765136719,5.744315623305738,262144,,
1116,3.330289602279663,0.8865699768066406,5.370491326786578,262144,,
1117,3.342466354370117,0.8878898620605469,5.37420020531863,262144,,
1118,3.3609609603881836,0.8868637084960938,4.5553571451455355,262144,,
1119,3.3613786697387695,0.8867721557617188,5.003909853287041,262144,,
1120,3.3355395793914795,0.8874053955078125,4.385670113377273,262144,3.4872405529022217,0.8843994140625
1121,3.3538687229156494,0.8871612548828125,4.140029142610729,262144,,
1122,3.347615957260132,0.8863983154296875,3.8461652863770723,262144,,
1123,3.3709475994110107,0.8864479064941406,3.0591794792562723,262144,,
1124,3.3672640323638916,0.8870811462402344,3.057695929892361,262144,,
1125,3.3661272525787354,0.8869056701660156,5.631874019280076,262144,,
1126,3.3760037422180176,0.8878593444824219,5.273573196493089,262144,,
1127,3.3648111820220947,0.8866539001464844,5.666398228146136,262144,,
1128,3.3357818126678467,0.8873825073242188,5.737272220663726,262144,,
1129,3.350651741027832,0.8875160217285156,6.093153555877507,262144,,
1130,3.366194009780884,0.887664794921875,5.713782070204616,262144,,
1131,3.3411829471588135,0.8859939575195312,6.118261158466339,262144,,
1132,3.378314256668091,0.8864517211914062,4.946511874906719,262144,,
1133,3.3502416610717773,0.8865547180175781,7.260849733836949,262144,,
1134,3.364121675491333,0.8884696960449219,5.998505182564259,262144,,
1135,3.365072250366211,0.887176513671875,5.395294073969126,262144,,
1136,3.3687796592712402,0.8871345520019531,5.432827559299767,262144,,
1137,3.3554890155792236,0.8873558044433594,5.6295392801985145,262144,,
1138,3.3632266521453857,0.886627197265625,6.476736641488969,262144,,
1139,3.371861219406128,0.8875770568847656,5.819048026576638,262144,,
1140,3.3609752655029297,0.8874282836914062,6.623096716590226,262144,,
1141,3.347036361694336,0.8870506286621094,7.645284751430154,262144,,
1142,3.36769962310791,0.8860855102539062,5.799970756284893,262144,,
1143,3.3777341842651367,0.8861656188964844,5.7442276841029525,262144,,
1144,3.3505072593688965,0.8876304626464844,3.3922384744510055,262144,,
1145,3.360562801361084,0.8873710632324219,3.1189422979950905,262144,,
1146,3.359421491622925,0.8871421813964844,3.9553163964301348,262144,,
1147,3.3611762523651123,0.8877754211425781,6.373868961818516,262144,,
1148,3.3557164669036865,0.8874168395996094,6.027571615763009,262144,,
1149,3.3672280311584473,0.8866310119628906,5.7351100239902735,262144,,
1150,3.3150367736816406,0.8878593444824219,6.11312607768923,262144,,
1151,3.3476102352142334,0.8878288269042969,5.880827140063047,262144,,
1152,3.366060972213745,0.8882637023925781,5.4172451086342335,262144,3.510924220085144,0.88525390625
